student_id,cluster_id
S003,CL-104
S006,CL-104
S007,CL-104
S008,CL-104
S107001,CL-107
S107002,CL-107
S107003,CL-107
S107004,CL-107
S107005,CL-107
S107006,CL-107
S107007,CL-107
S107008,CL-107
S107009,CL-107
S107010,CL-107
S107011,CL-107
S107012,CL-107
S107013,CL-107
S107014,CL-107
S107015,CL-107
S107016,CL-107
S107017,CL-107
S107018,CL-107
S107019,CL-107
S107020,CL-107
S107021,CL-107
S107022,CL-107
S107023,CL-107
S107024,CL-107
S107025,CL-107
S107026,CL-107
S107027,CL-107
S107028,CL-107
S107029,CL-107
S107030,CL-107
S107031,CL-107
S107032,CL-107
S107033,CL-107
S107034,CL-107
S107035,CL-107
S107036,CL-107
S107037,CL-107
S107038,CL-107
S107039,CL-107
S107040,CL-107
S107041,CL-107
S107042,CL-107
S107043,CL-107
S107044,CL-107
S107045,CL-107
S107046,CL-107
S107047,CL-107
S107048,CL-107
S107049,CL-107
S107050,CL-107
S107051,CL-107
S107052,CL-107
S107053,CL-107
S107054,CL-107
S107055,CL-107
S107056,CL-107
S107057,CL-107
S107058,CL-107
S107059,CL-107
S107060,CL-107
S107061,CL-107
S107062,CL-107
S111001,CL-111
S111002,CL-111
S111003,CL-111
S111004,CL-111
S111005,CL-111
S111006,CL-111
S111007,CL-111
S111008,CL-111
S111009,CL-111
S111010,CL-111
S111011,CL-111
S111012,CL-111
S111013,CL-111
S111014,CL-111
S111015,CL-111
S111016,CL-111
S111017,CL-111
S111018,CL-111
S115001,CL-115
S115002,CL-115
S115003,CL-115
S115004,CL-115
S115005,CL-115
S115006,CL-115
S115007,CL-115
S115008,CL-115
S115009,CL-115
S118001,CL-118
S118002,CL-118
S118003,CL-118
S118004,CL-118
S118005,CL-118
S118006,CL-118
S118007,CL-118
S118008,CL-118
S118009,CL-118
S118010,CL-118
S118011,CL-118
S118012,CL-118
S118013,CL-118
S118014,CL-118
S118015,CL-118
S118016,CL-118
S118017,CL-118
S118018,CL-118
S118019,CL-118
S118020,CL-118
S118021,CL-118
S118022,CL-118
S118023,CL-118
S118024,CL-118
S118025,CL-118
S118026,CL-118
S118027,CL-118
S118028,CL-118
S118029,CL-118
S118030,CL-118
S118031,CL-118
S122001,CL-122
S122002,CL-122
S122003,CL-122
S122004,CL-122
S122005,CL-122
S122006,CL-122
S122007,CL-122
S122008,CL-122
S122009,CL-122
S122010,CL-122
S122011,CL-122
S122012,CL-122
S122013,CL-122
S122014,CL-122
S126001,CL-126
S126002,CL-126
S126003,CL-126
S126004,CL-126
S126005,CL-126
S126006,CL-126
S126007,CL-126
S126008,CL-126
S126009,CL-126
S126010,CL-126
S126011,CL-126
S126012,CL-126
S126013,CL-126
S126014,CL-126
S126015,CL-126
S126016,CL-126
S126017,CL-126
S126018,CL-126
S126019,CL-126
S126020,CL-126
S126021,CL-126
S126022,CL-126
S131001,CL-131
S131002,CL-131
S131003,CL-131
S131004,CL-131
S131005,CL-131
S131006,CL-131
S131007,CL-131
S131008,CL-131
S131009,CL-131
S131010,CL-131
S131011,CL-131
S131012,CL-131
S131013,CL-131
S131014,CL-131
S131015,CL-131
S131016,CL-131
S135001,CL-135
S135002,CL-135
S135003,CL-135
S135004,CL-135
S135005,CL-135
S135006,CL-135
S135007,CL-135
S135008,CL-135
S135009,CL-135
S135010,CL-135
S135011,CL-135
S135012,CL-135
S140001,CL-140
S140002,CL-140
S140003,CL-140
S140004,CL-140
S140005,CL-140
S140006,CL-140
S140007,CL-140
S140008,CL-140
S140009,CL-140
S140010,CL-140
S140011,CL-140
S140012,CL-140
S140013,CL-140
S140014,CL-140
S140015,CL-140
S140016,CL-140
S140017,CL-140
S140018,CL-140
S140019,CL-140
S140020,CL-140
S144001,CL-144
S144002,CL-144
S144003,CL-144
S144004,CL-144
S144005,CL-144
S144006,CL-144
S144007,CL-144
S144008,CL-144
S144009,CL-144
S144010,CL-144
S144011,CL-144
S144012,CL-144
S144013,CL-144
S144014,CL-144
S144015,CL-144
S144016,CL-144
S144017,CL-144
S149001,CL-149
S149002,CL-149
S149003,CL-149
S149004,CL-149
S149005,CL-149
S149006,CL-149
S149007,CL-149
S149008,CL-149
S149009,CL-149
S149010,CL-149
S149011,CL-149
S149012,CL-149
S149013,CL-149
S149014,CL-149
S149015,CL-149
