Student_ID,Admission_No,Student_Name,Class,DOB,Category,Father_Name,Mother_Name,Aadhaar_No,Account_No,Contact_No,IFSC_Code,Identification_Mark
1,230,Kasturi Sharma,8th,27-04-2008,Gen,Parshotam Sharma,Reva Rani,593974214828,0684041000001517,9682558540,JAKA0KALBAR,Mole on neck
2,231,Vishal Chandan,10th,26-11-2003,OBC,Prem Chandan,Asha Rani,882947102938,0684041000002102,9682558540,JAKA0KALBAR,None
3,232,Manik Sharma,10th,12-01-2004,SC,Asha Ram,Parveen Kumari,672964170125,3063040100005393,6006060244,JAKA0KALBAR,Black mole on left of neck
4,233,Manti Sharma,10th,06-07-2003,Gen,Kewal Krishan,Raj Kumari,492110204814,0684041000002104,6006087316,JAKA0KALBAR,None
5,234,Ayush Kumar,10th,11-03-2004,Gen,Ajay Kumar,Arti Devi,492110204813,3063040100001908,9149950459,JAKA0KALBAR,None
6,235,Vivek Sharma,10th,02-07-2004,OBC,Radha Sham,Kanta Rani,370648660914,3063040940000137,9419307137,JAKA0KALBAR,None
7,236,Vipan Sharma,10th,06-12-2003,OBC,Kuldeep Raj,Rekha Devi,288485601885,0684041000002107,6006454190,JAKA0KALBAR,None
8,237,Karan,10th,27-12-2004,OBC,Subash Paul,Sunita Devi,729816410411,0684041000002108,7298164104,JAKA0KALBAR,None
9,238,Gopal Sharma,10th,26-11-2003,Gen,Om Raj,Sunita Devi,887957482255,0687041000002600,6006080716,JAKA0KALBAR,None
10,239,Johny,10th,18-03-2001,SC,Mashu Ram,Smt Usha Devi,554512193252,0684041000002110,7051945014,JAKA0KALBAR,None
11,240,Nakul Sharma,10th,01-01-2001,OBC,Sat Paul Verma,Kamlesh Devi,852606238238,0684041000002111,6005054315,JAKA0KALBAR,None
12,241,Pankaj Verma,10th,31-08-2000,OBC,Sat Pal Verma,Sunita Devi,569100917975,0684041000002112,9498455533,JAKA0KALBAR,None
13,661,Parveen Kumar,7th,07-07-2007,SC,Lal Chand,Darshana Devi,332560995556,0684041000000638,8899577197,JAKA0KALBAR,None
14,660,Deepak Kumar,7th,06-06-2011,OBC,Darshan Lal,Rekha Rani,778143973830,0684041000001115,9622398521,JAKA0KALBAR,Black mole on left of neck
15,663,Anshu Kumar,6th,11-08-2012,SC,Balbir Kumar,Dev Rani,381525261423,0141041000001482,9596615143,JAKA0KALTAR,Black mole on left cheek
16,525,Vansh,3rd,20-01-2016,SC,Manohar Lal,Rekha Rani,323008557821,0684041000002142,7006791631,JAKA0KALBAR,A mole on right shoulder
17,662,Nisha Devi,6th,06-08-2012,SC,Naresh Kumar,Naresh Devi,588480280784,0382041000000715,6006062586,JAKA0KALTAR,Black mole near lips
18,524,Anshika Bhagat,4th,20-08-2014,SC,Balbir Kumar,Dev Rani,429906025098,0141041000001484,9596621543,JAKA0KALTAR,Cut mark on chin
19,231,Adrash Kumar,8th,21-07-2010,OBC,Yogesh Kumar,Ashu Rani,593974214828,0684041000001517,9697189784,JAKA0KALBAR,Black mole on right cheek
20,232,Gulshan Kumar,8th,28-05-2011,OBC,Deepak Kumar,Kamlesh Devi,242138686327,0684041000000080,9797426427,JAKA0KALBAR,Black mole on left knee
21,233,Vikas Sharma,7th,27-02-2011,Gen,Radhay Sham,Asha Rani,242459795612,0684041000001619,9149831704,JAKA0KALBAR,Black mole on forehead
22,235,Krish Kumar,7th,20-07-2011,OBC,Suraj Kumar,Anju Bala,338781648193,0684041000001964,8493880467,JAKA0KALBAR,Black mole on neck
23,237,Sahil Sharma,7th,20-08-2011,Gen,Naresh Kumar,Neelam,578421976299,0684040850000481,9797426020,JAKA0KALBAR,Cut mark on forehead
24,239,Aryan Verma,6th,03-11-2012,OBC,Jiwan Kumar,Baby Rani,607041026743,0684041000001842,9797598851,JAKA0KALBAR,Black mole near nose
25,247,Nitesh Kumar,5th,20-11-2013,OBC,Deepak Kumar,Kamlesh Devi,583936319856,0684041000001841,9797558362,JAKA0KALBAR,Black mole on neck
26,636,Sumit Kumar,5th,24-12-2012,OBC,Rakesh Kumar,Taro Devi,913604842620,0684041000001526,9149831704,JAKA0KALBAR,Black mole on chin
27,248,Vikram Kumar,6th,13-08-2012,OBC,Subash Chand,Sushma Devi,319639506982,0684042000000102,6005709358,JAKA0KALBAR,Cut mark on left cheek
28,244,Janvi Devi,8th,12-03-2012,OBC,Ashok Kumar,Sudesh Kumari,933945283322,0684042000000107,9797336725,JAKA0KALBAR,A mole on the chin
29,230,Kritika Sharma,8th,10-10-2009,Gen,Radhay Sham,Mukhtiar Rani,593974214828,0684041000001517,9697189784,JAKA0KALBAR,None
30,228,Akshara,8th,09-08-2009,OBC,Sunil Kumar,Anju Rani,710337947567,0684041000001620,9149831704,JAKA0KALBAR,None
31,234,Chandni Devi,7th,15-05-2011,OBC,Suresh Chand,Puja Rani,386356836189,0684041000001441,8493880467,JAKA0KALBAR,Black mole on right hand
32,229,Rutakshi Verma,8th,06-09-2011,OBC,Jiwan Kumar,Baby Rani,521366923862,0684041000000069,9469018207,JAKA0KALBAR,None
33,634,Jyoti Devi,5th,20-05-2014,OBC,Darshan Lal,Rekha Rani,935582338150,0684041000001843,9797598853,JAKA0KALBAR,Cut mark on forehead
34,240,Anshika Sharma,6th,04-05-2012,Gen,Rakesh Kumar,Neha Rani,518983500637,0684041000001692,9622398521,JAKA0KALBAR,Mark Near Right Eye
35,249,Divya Sharma,8th,11-06-2011,OBC,Jarnail Singh,Manjit Devi,300317939538,0609040800006557,9596738743,JAKA0KALBAR,None
36,253,Sakshi Devi,6th,15-01-2014,SC,Ashok Kumar,Reva Rani,804559326777,0684041000001844,8493017185,JAKA0KALBAR,Black mole on neck
37,662,Ananya Devi,5th,13-03-2016,OBC,Deepak Kumar,Rekha Rani,306304000005775,0684041000005775,8082916023,JAKA0KALBAR,Cut mark on forehead
38,255,Ishan Kumar,6th,25-02-2015,OBC,Ashok Kumar,Sudesh Devi,393041566812,0684041000002138,7051945533,JAKA0KALBAR,A mole on chin
39,256,Manik Kumar,5th,04-03-2015,OBC,Manga Ram,Sonu Devi,798496263246,0684041000008167,6005214615,JAKA0KALBAR,A mole on neck
40,254,Amit Kumar,5th,15-01-2016,OBC,Ajeet Kumar,Jyoti Devi,323008557821,0684041000002142,7051945533,JAKA0KALBAR,A mole on the left cheek
41,261,Jatin Kumar,9th,11-03-2005,SC,Ajeet Kumar,Suman Devi,454654399324,0382040800001881,9541433603,JAKA0KALBAR,None
42,262,Harishchandan,10th,22-10-2006,Gen,Krishan Chand,Smt Seema Rani,404241591029,0141011000002177,9459693532,JAKA0KALBAR,None
43,263,Dhanesh Kumar,9th,20-07-2008,OBC,Kamal Kumar,Sudesh Rani,835746432381,0382040800002979,9706892429,JAKA0KALBAR,None
44,264,Vanshaveer,10th,31-12-2003,Gen,Vijay Kumar,Anu Radha,236118386048,0684041500000083,8897727810,JAKA0KALBAR,None
45,265,Kamal Verma,9th,02-04-2006,OBC,Pardeep Kumar,Trishala Devi,761447407664,0684040415000011,7006157123,JAKA0KALBAR,None
46,266,Puneet Sharma,8th,01-06-2008,OBC,Balraj Sharma,Jyoti Devi,451949525305,3063040100002012,6006080744,JAKA0KALBAR,None
47,267,Jaginder Kumar,10th,15-02-2006,Gen,Om Raj,Kamlesh Devi,966175757497,3063040500000837,7001978210,JAKA0KALBAR,None
48,268,Kishore Chand,10th,26-11-2006,Gen,Des Raj,Reeta Devi,591524851683,0684041000000931,9184143210,JAKA0KALBAR,None
49,269,Rakesh Kumar,12th,19-03-1998,Gen,Bittu,Nittu Devi,518127767837,0684041000003001,6006428102,JAKA0KALBAR,None
50,270,Rohit Kumar,12th,01-06-2000,Gen,Pt Lal Chand,Darshana Devi,382899601899,0684041000003002,8899577187,JAKA0KALBAR,None
51,271,Rajesh Kumar,12th,07-01-2002,Gen,Dharam Veer,Rekha Devi,595655442659,0684041000003003,8082342231,JAKA0KALBAR,None
52,272,Kartik Sharma,12th,27-01-2002,Gen,Parshotam Sharma,Sushma Devi,654772093568,0684041000003004,6006041564,JAKA0KALBAR,None
53,273,Vishal Kumar,12th,20-05-2002,Gen,Om Prakash,Sushma Devi,871191244423,0684041000003005,8492955533,JAKA0KALBAR,None
54,274,Dheeraj Kumar,12th,17-12-2002,OBC,Pardeep Kumar,Trishla Devi,641162641203,0684041000003006,8899970759,JAKA0KALBAR,None
55,275,Nitish Sharma,12th,21-07-2002,Gen,Parshotam,Veena Devi,609378357656,0684041000003007,6005454190,JAKA0KALBAR,None
56,276,Ajay Verma,12th,31-05-2000,OBC,Darbari Lal,Chompa Devi,911412144974,0684041000003008,6005505263,JAKA0KALBAR,None
57,277,Palak Sharma,7th,14-04-2012,Gen,Subash Sharma,Sunita Devi,600522146701,0684041000003009,9541685800,JAKA0KALBAR,Mole on right hand
58,278,Rahul Verma,8th,12-05-2011,OBC,Satish Kumar,Ankita Devi,483920193847,0684041000003010,9876543210,JAKA0KALBAR,None
59,279,Priya Sharma,9th,22-08-2010,Gen,Ramesh Sharma,Sunita Sharma,592837482910,0684041000003011,9876543211,JAKA0KALBAR,Mole on forehead
60,280,Aman Kumar,6th,15-03-2013,SC,Rakesh Kumar,Kanta Devi,384729103847,0684041000003012,9876543212,JAKA0KALBAR,Cut mark on left arm
61,281,Neha Kumari,7th,18-11-2012,OBC,Sunil Dutt,Sushma Rani,492837192039,0684041000003013,9876543213,JAKA0KALBAR,None
62,282,Rohit Sharma,10th,05-01-2006,Gen,Pawan Kumar,Rekha Sharma,593820192837,0684041000003014,9876543214,JAKA0KALBAR,Mole on right cheek
63,283,Sonia Devi,5th,11-09-2015,SC,Vijay Kumar,Asha Devi,382910293847,0684041000003015,9876543215,JAKA0KALBAR,None
64,284,Karan Singh,8th,30-06-2011,Gen,Kuldeep Singh,Manjit Kaur,483920192837,0684041000003016,9876543216,JAKA0KALBAR,Mole on left cheek
65,285,Pooja Rani,9th,14-02-2010,OBC,Subash Chand,Raj Kumari,592830192837,0684041000003017,9876543217,JAKA0KALBAR,None
66,286,Vikas Kumar,6th,25-07-2013,SC,Manoj Kumar,Seema Devi,384720192837,0684041000003018,9876543218,JAKA0KALBAR,Cut mark on forehead
67,287,Ritu Sharma,7th,08-10-2012,Gen,Surinder Sharma,Meenakshi,492830192837,0684041000003019,9876543219,JAKA0KALBAR,None
68,288,Arun Verma,10th,19-04-2006,OBC,Ashwani Verma,Ritu Verma,593829102938,0684041000003020,9876543220,JAKA0KALBAR,Mole on chin
69,289,Simran Devi,8th,12-12-2011,SC,Raj Kumar,Kamlash Devi,382910394827,0684041000003021,9876543221,JAKA0KALBAR,None
70,290,Deepak Sharma,9th,03-03-2010,Gen,Vinod Sharma,Sarla Sharma,483920394827,0684041000003022,9876543222,JAKA0KALBAR,Mole on neck
71,291,Anjali Kumari,5th,27-08-2015,OBC,Bharat Bhushan,Sudesh Devi,592830394827,0684041000003023,9876543223,JAKA0KALBAR,None
72,292,Sanjay Kumar,6th,16-01-2013,SC,Dharmpal,Shakuntla Devi,384720394827,0684041000003024,9876543224,JAKA0KALBAR,Cut mark on chin
73,293,Kavita Rani,7th,09-06-2012,Gen,Naresh Kumar,Bimla Devi,492830394827,0684041000003025,9876543225,JAKA0KALBAR,None
74,294,Sahil Verma,10th,21-11-2006,OBC,Rajesh Verma,Poonam Verma,593820394827,0684041000003026,9876543226,JAKA0KALBAR,Mole on forehead
75,295,Monika Sharma,8th,14-05-2011,Gen,Ashok Sharma,Usha Sharma,382910495827,0684041000003027,9876543227,JAKA0KALBAR,None
76,296,Gaurav Kumar,9th,07-02-2010,SC,Sat Paul,Champa Devi,483920495827,0684041000003028,9876543228,JAKA0KALBAR,Mole on right arm
77,297,Jyoti Rani,5th,18-10-2015,OBC,Suraj Prakash,Anita Devi,592830495827,0684041000003029,9876543229,JAKA0KALBAR,None
78,298,Aakash Sharma,6th,29-03-2013,Gen,Janak Raj,Raj Kumari,384720495827,0684041000003030,9876543230,JAKA0KALBAR,Cut mark on left cheek
79,299,Rachna Devi,7th,11-07-2012,SC,Baldev Raj,Geeta Devi,492830495827,0684041000003031,9876543231,JAKA0KALBAR,None
80,300,Manish Kumar,10th,04-12-2006,OBC,Kewal Kumar,Kanta Rani,593820495827,0684041000003032,9876543232,JAKA0KALBAR,Mole on left neck
81,301,Shalu Sharma,8th,23-09-2011,Gen,Subash Sharma,Pushpa Devi,382910596827,0684041000003033,9876543233,JAKA0KALBAR,None
82,302,Rakesh Sharma,9th,16-04-2010,Gen,Bishan Dass,Taro Devi,483920596827,0684041000003034,9876543234,JAKA0KALBAR,Mole on right eyebrow
83,303,Pinki Devi,5th,01-01-2015,SC,Suresh Kumar,Santosh Devi,592830596827,0684041000003035,9876543235,JAKA0KALBAR,None
84,304,Vishal Verma,6th,12-08-2013,OBC,Pritam Chand,Veena Kumari,384720596827,0684041000003036,9876543236,JAKA0KALBAR,Cut mark on nose
85,305,Aarti Sharma,7th,25-05-2012,Gen,Tilak Raj,Sita Devi,492830596827,0684041000003037,9876543237,JAKA0KALBAR,None
86,306,Varun Kumar,10th,08-10-2006,SC,Madan Lal,Champa Rani,593820596827,0684041000003038,9876543238,JAKA0KALBAR,Mole on right hand
87,307,Suman Devi,8th,31-03-2011,OBC,Des Raj,Kamla Devi,382910697827,0684041000003039,9876543239,JAKA0KALBAR,None
88,308,Amit Sharma,9th,17-07-2010,Gen,Romesh Chander,Kanta Sharma,483920697827,0684041000003040,9876543240,JAKA0KALBAR,Mole on forehead
89,309,Kriti Kumari,5th,24-11-2015,SC,Hans Raj,Rattno Devi,592830697827,0684041000003041,9876543241,JAKA0KALBAR,None
90,310,Abhishek Verma,6th,06-06-2013,OBC,Tarsem Lal,Sudesh Kumari,384720697827,0684041000003042,9876543242,JAKA0KALBAR,Cut mark near right eye
91,311,Priya Devi,7th,19-01-2012,Gen,Gharu Ram,Sheelo Devi,492830697827,0684041000003043,9876543243,JAKA0KALBAR,None
92,312,Nitin Kumar,10th,28-08-2006,SC,Bihari Lal,Krishna Devi,593820697827,0684041000003044,9876543244,JAKA0KALBAR,Mole on neck
93,313,Shikha Sharma,8th,13-02-2011,Gen,Vijay Sharma,Rani Sharma,382910798827,0684041000003045,9876543245,JAKA0KALBAR,None
94,314,Suraj Kumar,9th,09-09-2010,OBC,Mohan Lal,Gyan Devi,483920798827,0684041000003046,9876543246,JAKA0KALBAR,Mole on chin
95,315,Mamta Rani,5th,22-04-2015,SC,Babu Ram,Vidya Devi,592830798827,0684041000003047,9876543247,JAKA0KALBAR,None
96,316,Pankaj Sharma,6th,05-12-2013,Gen,Satish Sharma,Sunita Sharma,384720798827,0684041000003048,9876543248,JAKA0KALBAR,Cut mark on left wrist
97,317,Anu Devi,7th,17-03-2012,OBC,Kasturi Lal,Poli Devi,492830798827,0684041000003049,9876543249,JAKA0KALBAR,None
98,318,Dinesh Kumar,10th,30-07-2006,SC,Som Nath,Nirmala Devi,593820798827,0684041000003050,9876543250,JAKA0KALBAR,Mole on right shoulder
99,319,Renu Sharma,8th,11-11-2011,Gen,Dev Raj,Sharda Devi,382910899827,0684041000003051,9876543251,JAKA0KALBAR,None
100,320,Ashish Verma,9th,04-05-2010,OBC,Subash Verma,Suman Verma,483920899827,0684041000003052,9876543252,JAKA0KALBAR,Mole on forehead
101,321,Komal Rani,5th,19-01-2015,SC,Girdhari Lal,Bachno Devi,592830899827,0684041000003053,9876543253,JAKA0KALBAR,None
102,322,Rohan Kumar,6th,02-08-2013,Gen,Rajesh Kumar,Reeta Devi,384720899827,0684041000003054,9876543254,JAKA0KALBAR,Cut mark on forehead
103,323,Sunita Devi,7th,14-06-2012,OBC,Thuru Ram,Kamlesh Rani,492830899827,0684041000003055,9876543255,JAKA0KALBAR,None
104,324,Vikas Singh,10th,27-02-2006,Gen,Sartaj Singh,Harpreet Kaur,593820899827,0684041000003056,9876543256,JAKA0KALBAR,Mole on left cheek
105,325,Kriti Sharma,8th,09-10-2011,Gen,Ashwani Sharma,Anju Sharma,382910900827,0684041000003057,9876543257,JAKA0KALBAR,None
106,326,Ajay Kumar,9th,21-03-2010,SC,Bishan Dass,Kanta Devi,483920900827,0684041000003058,9876543258,JAKA0KALBAR,Mole on right hand
107,327,Preeti Devi,5th,06-12-2015,OBC,Kewal Krishan,Sudesh Devi,592830900827,0684041000003059,9876543259,JAKA0KALBAR,None
108,328,Sachin Sharma,6th,18-07-2013,Gen,Raman Sharma,Geeta Sharma,384720900827,0684041000003060,9876543260,JAKA0KALBAR,Cut mark on chin
109,329,Rekha Kumari,7th,01-04-2012,SC,Om Parkash,Bimla Rani,492830900827,0684041000003061,9876543261,JAKA0KALBAR,None
110,330,Arjun Verma,10th,13-09-2006,OBC,Satish Verma,Asha Verma,593820900827,0684041000003062,9876543262,JAKA0KALBAR,Mole on neck
111,331,Nisha Sharma,8th,26-05-2011,Gen,Parshotam Lal,Rekha Devi,382911001827,0684041000003063,9876543263,JAKA0KALBAR,None
112,332,Sunil Kumar,9th,11-01-2010,SC,Jagdish Raj,Santosh Kumari,483921001827,0684041000003064,9876543264,JAKA0KALBAR,Mole on left shoulder
113,333,Suman Kumari,5th,03-08-2015,OBC,Vijay Kumar,Usha Devi,592831001827,0684041000003065,9876543265,JAKA0KALBAR,None
114,334,Deepak Singh,6th,20-02-2013,Gen,Balbir Singh,Jasbir Kaur,384721001827,0684041000003066,9876543266,JAKA0KALBAR,Cut mark on left arm
115,335,Meenakshi Devi,7th,05-10-2012,SC,Suresh Kumar,Vidya Rani,492831001827,0684041000003067,9876543267,JAKA0KALBAR,None
116,336,Vishal Sharma,10th,17-06-2006,Gen,Kewal Sharma,Rani Devi,593821001827,0684041000003068,9876543268,JAKA0KALBAR,Mole on forehead
117,337,Pooja Sharma,8th,30-01-2011,Gen,Subash Sharma,Sudesh Rani,382911102827,0684041000003069,9876543269,JAKA0KALBAR,None
118,338,Raman Kumar,9th,12-09-2010,OBC,Manoj Kumar,Seema Devi,483921102827,0684041000003070,9876543270,JAKA0KALBAR,Mole on right cheek
119,339,Aarti Devi,5th,25-04-2015,SC,Dharmpal,Kanta Devi,592831102827,0684041000003071,9876543271,JAKA0KALBAR,None
120,340,Karan Verma,6th,08-11-2013,OBC,Rakesh Verma,Poonam Verma,384721102827,0684041000003072,9876543272,JAKA0KALBAR,Cut mark on nose
121,341,Shikha Devi,7th,21-03-2012,Gen,Naresh Kumar,Bimla Devi,492831102827,0684041000003073,9876543273,JAKA0KALBAR,None
122,342,Nitin Sharma,10th,04-08-2006,Gen,Ashok Sharma,Usha Sharma,593821102827,0684041000003074,9876543274,JAKA0KALBAR,Mole on chin
123,343,Ritu Kumari,8th,17-01-2011,SC,Sat Paul,Champa Devi,382911203827,0684041000003075,9876543275,JAKA0KALBAR,None
124,344,Suraj Verma,9th,29-06-2010,OBC,Suraj Prakash,Anita Devi,483921203827,0684041000003076,9876543276,JAKA0KALBAR,Mole on left cheek
125,345,Komal Sharma,5th,12-02-2015,Gen,Janak Raj,Raj Kumari,592831203827,0684041000003077,9876543277,JAKA0KALBAR,None
126,346,Amit Kumar,6th,24-09-2013,SC,Baldev Raj,Geeta Devi,384721203827,0684041000003078,9876543278,JAKA0KALBAR,Cut mark on chin
127,347,Priya Rani,7th,07-05-2012,OBC,Kewal Kumar,Kanta Rani,492831203827,0684041000003079,9876543279,JAKA0KALBAR,None
128,348,Rohit Verma,10th,19-12-2006,OBC,Ashwani Verma,Ritu Verma,593821203827,0684041000003080,9876543280,JAKA0KALBAR,Mole on neck
129,349,Anjali Sharma,8th,03-07-2011,Gen,Vinod Sharma,Sarla Sharma,382911304827,0684041000003081,9876543281,JAKA0KALBAR,None
130,350,Gaurav Sharma,9th,15-02-2010,Gen,Tilak Raj,Sita Devi,483921304827,0684041000003082,9876543282,JAKA0KALBAR,Mole on right hand
131,351,Sonia Kumari,5th,28-09-2015,SC,Gharu Ram,Sheelo Devi,592831304827,0684041000003083,9876543283,JAKA0KALBAR,None
132,352,Vikas Verma,6th,11-04-2013,OBC,Tarsem Lal,Sudesh Kumari,384721304827,0684041000003084,9876543284,JAKA0KALBAR,Cut mark near left eye
133,353,Neha Sharma,7th,24-11-2012,Gen,Dev Raj,Sharda Devi,492831304827,0684041000003085,9876543285,JAKA0KALBAR,None
134,354,Sahil Kumar,10th,06-06-2006,SC,Som Nath,Nirmala Devi,593821304827,0684041000003086,9876543286,JAKA0KALBAR,Mole on forehead
135,355,Pooja Devi,8th,18-01-2011,OBC,Babu Ram,Vidya Devi,382911405827,0684041000003087,9876543287,JAKA0KALBAR,None
136,356,Rahul Sharma,9th,02-09-2010,Gen,Raman Sharma,Geeta Sharma,483921405827,0684041000003088,9876543288,JAKA0KALBAR,Mole on chin
137,357,Simran Sharma,5th,15-04-2015,Gen,Ashwani Sharma,Anju Sharma,592831405827,0684041000003089,9876543289,JAKA0KALBAR,None
138,358,Aakash Verma,6th,27-11-2013,OBC,Satish Verma,Asha Verma,384721405827,0684041000003090,9876543290,JAKA0KALBAR,Cut mark on left arm
139,359,Kavita Devi,7th,10-06-2012,SC,Om Parkash,Bimla Rani,492831405827,0684041000003091,9876543291,JAKA0KALBAR,None
140,360,Arjun Sharma,10th,23-01-2006,Gen,Parshotam Lal,Rekha Devi,593821405827,0684041000003092,9876543292,JAKA0KALBAR,Mole on left cheek
141,361,Monika Devi,8th,07-08-2011,OBC,Vijay Kumar,Usha Devi,382911506827,0684041000003093,9876543293,JAKA0KALBAR,None
142,362,Manish Sharma,9th,20-03-2010,Gen,Subash Sharma,Sudesh Rani,483921506827,0684041000003094,9876543294,JAKA0KALBAR,Mole on neck
143,363,Pinki Sharma,5th,02-11-2015,Gen,Janak Raj,Raj Kumari,592831506827,0684041000003095,9876543295,JAKA0KALBAR,None
144,364,Suraj Sharma,6th,14-06-2013,Gen,Ramesh Sharma,Sunita Sharma,384721506827,0684041000003096,9876543296,JAKA0KALBAR,Cut mark on forehead
145,365,Aarti Kumari,7th,27-01-2012,SC,Baldev Raj,Geeta Devi,492831506827,0684041000003097,9876543297,JAKA0KALBAR,None
146,366,Dinesh Sharma,10th,11-09-2006,Gen,Romesh Chander,Kanta Sharma,593821506827,0684041000003098,9876543298,JAKA0KALBAR,Mole on right shoulder
147,367,Suman Sharma,8th,24-04-2011,Gen,Tilak Raj,Sita Devi,382911607827,0684041000003099,9876543299,JAKA0KALBAR,None
148,368,Deepak Verma,9th,06-12-2010,OBC,Pritam Chand,Veena Kumari,483921607827,0684041000003100,9876543300,JAKA0KALBAR,Mole on left cheek
149,369,Renu Devi,5th,19-07-2015,SC,Suresh Kumar,Santosh Devi,592831607827,0684041000003101,9876543301,JAKA0KALBAR,None
150,370,Pankaj Kumar,6th,01-03-2013,SC,Madan Lal,Champa Rani,384721607827,0684041000003102,9876543302,JAKA0KALBAR,Cut mark on chin
151,371,Kriti Sharma,7th,13-10-2012,Gen,Dev Raj,Sharda Devi,492831607827,0684041000003103,9876543303,JAKA0KALBAR,None
152,372,Abhishek Sharma,10th,26-05-2006,Gen,Vijay Sharma,Rani Sharma,593821607827,0684041000003104,9876543304,JAKA0KALBAR,Mole on forehead
153,373,Mamta Devi,8th,08-01-2011,OBC,Thuru Ram,Kamlesh Rani,382911708827,0684041000003105,9876543305,JAKA0KALBAR,None
154,374,Ashish Kumar,9th,21-08-2010,SC,Jagdish Raj,Santosh Kumari,483921708827,0684041000003106,9876543306,JAKA0KALBAR,Mole on right hand
155,375,Komal Kumari,5th,03-04-2015,OBC,Suraj Prakash,Anita Devi,592831708827,0684041000003107,9876543307,JAKA0KALBAR,None
